<?xml version="1.0" encoding="UTF-8" standalone="yes"?>
<authnApiConfig>
    <apiApplications>
        <application description="" id="VCiDjqXR24YtfqHRDzKEPdMfQ" name="PFAuthNGlitch" url="https://holy-statuesque-attempt.glitch.me/logon">
            <corsUrl>https://penfed-ping.cs41.force.com</corsUrl>
        </application>
        <application description="When applied to an Authentiction Policy, this Application URL will be sent to the requesting browser to perform the presentation of that User Journey. A flowId will be sent with the URL that can be used to perform the orchestration through the Policy." id="sampleAuthNAPIApp" name="Sample AuthN API Application" url="https://penfed1.ping-devops.com/pf-ws/authn/explorer"/>
    </apiApplications>
    <apiSettings apiEnabled="true" enableApiDescriptions="true"/>
</authnApiConfig>
